artistName,artistID
Elvis Costello,artist01
Elvis Costello & The Attractions,artist02
Tiffany Page,artist03
Lissie,artist04
Paul McCartney,artist05
Joe Echo,artist06
The Breakers,artist07
The Coronas,artist08
Crowded House,artist09
Joshua Radin,artist10
Cocktail Slippers,artist11
"Crosby, Stills & Nash",artist12
The Len Price 3,artist13
Paul McCartney & Eric Clapton,artist14
Noah And The Whale,artist15
Noel Gallagher's High Flying Birds,artist16
Pearl Jam,artist17
Tom Petty And The Heartbreakers,artist18
Bruce Springsteen,artist19
Madness,artist20
Spector,artist21
Miles Kane,artist22
Tom Petty,artist23
Biffy Clyro,artist24
Elbow,artist25
Oasis,artist26
Thunderclap Newman,artist27
2080,artist28
C418,artist29
Glen Porter,artist30
Makeup And Vanity Set,artist31
Phaeleh ft. Soundmouse,artist32
Solar Fields,artist33
Bonobo,artist34
Slugabed,artist35
Emancipator,artist36
Brian Blade & The Fellowship Band,artist37
Boom Bip,artist38
Disasterpeace,artist39
Little People,artist40
The Glitch Mob,artist41
Vangelis,artist42
Cell,artist43
Jay Haze,artist44
Chris Christodoulou,artist45
Prefuse 73,artist46
Ben Prunty,artist47
Retro Family,artist48
Metaform,artist49
I Monster,artist50
Ludique,artist51
Edit,artist52
Zero 7,artist53
Miles Davis,artist54
The National,artist55
DJ Shadow,artist56
Berry Weight,artist57
London Grammar,artist58
Sigur Rós,artist59
Iván Torrent,artist60
Johnny Cash,artist61
Pretty Lights,artist62
Phutureprimitive,artist63
Proem,artist64
Blockhead,artist65
Trifonic,artist66
Jon Hopkins,artist67
Koreless,artist68
she,artist69
Caribou,artist70
Joe Satriani,artist71
Easily Embarrassed,artist72
Ryuichi Sakamoto,artist73
Starscream,artist74
Photek,artist75
Burial,artist76
Richard Devine,artist77
µ-Ziq,artist78
Ghosting Season,artist79
Bluetech,artist80
MiM0SA,artist81
Wax Tailor,artist82
Flume,artist83
The Flashbulb,artist84
Apparat,artist85
Ochre,artist86
Handsome Boy Modeling School,artist87
Mogwai,artist88
Symbion Project,artist89
STS9,artist90
Nightmares On Wax,artist91
Snooze,artist92
Hol Baumann,artist93
Johann Sebastian Bach,artist94
The Film Score Orchestra,artist95
Ludwig van Beethoven,artist96
Ferdinand Lang & His Orchestra,artist97
Ennio Morricone,artist98
Wolfgang Amadeus Mozart,artist99
John Eliot Gardiner,artist100
Marian Pivka & The Budapest Symphonic Orchestra,artist101
Antonio Vivaldi,artist102
Movie Best Themes,artist103
Daft Punk,artist104
Daft Punk - Stardust,artist105
Crystal Castles,artist106
SomethingALaMode,artist107
Pendulum,artist108
Data,artist109
Ratatat,artist110
The Prodigy,artist111
Crystal Castles VS Health,artist112
Justice,artist113
Glass Candy,artist114
Moby,artist115
Flairs,artist116
Mirwais,artist117
Passion Pit,artist118
All That Jazz,artist119
KIRAKIRA Quartet,artist120
Joe Hisaishi,artist121
NAKANISHI KIRIKO,artist122
Azumi Inoue,artist123
Aun J-Classic Orchestra,artist124
Peter Breiner,artist125
Jouzuru Hisaishi,artist126
Flute Musicbox Ensemble,artist127
Bill Danoff,artist128
Enter Shikari,artist129
Rammstein,artist130
Birdy Nam Nam,artist131
Das Mörtal,artist132
Dubmood,artist133
Parov Stelar,artist134
Nada Surf,artist135
Massive Attack,artist136
Ez3kiel,artist137
C2C,artist138
Lenny Kravitz,artist139
Chinese Man,artist140
Tycho,artist141
System Of A Down,artist142
Skrillex,artist143
Audioslave,artist144
Michael Jackson,artist145
Guano Apes,artist146
The OneUps,artist147
Linkin Park,artist148
Red Hot Chili Peppers,artist149
Twenty One Pilots,artist150
Sabrepulse,artist151
65daysofstatic,artist152
Mochipet,artist153
Incubus,artist154
MGMT,artist155
Lazerhawk,artist156
Big Gigantic,artist157
Asian Dub Foundation,artist158
GoldFish,artist159
Korn,artist160
Rage Against The Machine,artist161
Mr. Scruff,artist162
Skip the Use,artist163
Iggy Pop,artist164
Queens Of The Stone Age,artist165
Klaxons,artist166
Nirvana,artist167
Infected Mushroom,artist168
Rev Theory,artist169
Pony Pony Run Run,artist170
KISS,artist171
Shaka Ponk,artist172
Rival Sons,artist173
H-Blockx,artist174
The Used,artist175
The Automatic,artist176
Dschinghis Khan,artist177
Limp Bizkit,artist178
Reef,artist179
Kavinsky,artist180
The Crystal Method,artist181
Vinter In Hollywood,artist182
Fatboy Slim,artist183
Scorpions,artist184
AWOLNATION,artist185
The Offspring,artist186
DJ Mehdi,artist187
RJD2,artist188
Escape the Fate,artist189
Gotye,artist190
Marilyn Manson,artist191
Franz Ferdinand,artist192
Electric Universe,artist193
In Flames,artist194
Porter Robinson,artist195
Skillet,artist196
Aphex Twin,artist197
Bill Elm & Woody Jackson,artist198
Jin Roh,artist199
Darren Korb,artist200
Archive,artist201
Michael Kiwanuka,artist202
The Toxic Avenger,artist203
Jace Everett,artist204
Zalza vs. Alk,artist205
Chipzel,artist206
Hyperunknown,artist207
Danny Elfman,artist208
Sun Araw,artist209
amiina,artist210
Murray Gold,artist211
The Album Leaf,artist212
José González,artist213
Shiny Toy Guns,artist214
Buffalo Springfield,artist215
Konami Kukeiha Club,artist216
Klaus Badelt,artist217
Hans Zimmer,artist218
Vitamin String Quartet,artist219
The All-American Rejects,artist220
Sparklehorse,artist221
Sulumi,artist222
Kenji Kawai,artist223
Rise Against,artist224
Sequoia Bisquits,artist225
Yoshida Brothers,artist226
Rodrigo y Gabriela,artist227
Origa,artist228
Devotchka,artist229
Elisa Do Brasil,artist230
Boy vs Bacteria,artist231
Plain White T's,artist232
Amy Lee,artist233
Scott Matthew,artist234
Pink Floyd,artist235
Lisa Miskovsky,artist236
Gaijin Games,artist237
8 Bit Weapon,artist238
Datarock,artist239
ヒゲドライバー Hige Driver,artist240
The Polyphonic Spree,artist241
Jesper Kyd,artist242
Hideyuki Fukasawa,artist243
Zalza vs. Dalezy,artist244
Petri Alanko,artist245
Flyleaf,artist246
Zalza vs. Scattle,artist247
ヒゲドライバー (Hige Driver),artist248
Blue Oyster Cult,artist249
The Rolling Stones,artist250
LukHash,artist251
Motörhead,artist252
Iron Maiden,artist253
blink-182,artist254
Our Last Night,artist255
Van Halen,artist256
Jimi Hendrix,artist257
Ben Harper,artist258
Green Day,artist259
Slash,artist260
Trust,artist261
Tryo,artist262
Jet,artist263
Michael Schenker Group,artist264
The Who,artist265
Breakbot Feat. Irfane,artist266
Beat Torrent,artist267
Square Tune Magician,artist268
Theory Of A Deadman,artist269
L. hortobágyi-gáyan Uttejak Orchestra,artist270
Powerglove,artist271
Deftones,artist272
John 5,artist273
Foo Fighters,artist274
Danger Mouse,artist275
KT Tunstall,artist276
Ramones,artist277
Queen,artist278
The Doors,artist279
Judas Priest,artist280
Papa Roach,artist281
Dire Straits,artist282
Ben Harper And The Innocent Criminals,artist283
Iced Earth,artist284
Poets of the Fall,artist285
Pentatonix,artist286
Kageyama Hironobu,artist287
Warrant,artist288
Tenacious D,artist289
Gorillaz,artist290
Nine Inch Nails,artist291
Patrick Rondat,artist292
Eric Clapton,artist293
Redbone,artist294
Staind,artist295
Bob Marley & The Wailers,artist296
Radiohead,artist297
M|O|O|N,artist298
Com Truise,artist299
Boney M.,artist300
Fair To Midland,artist301
Bumblefoot,artist302
4TrakZ,artist303
Luis Bacalov,artist304
Aerosmith,artist305
Cloudkicker,artist306
Irish Celtic Music,artist307
Matmatah,artist308
Sonic Syndicate,artist309
Hiromitsu Agatsuma,artist310
Depeche Mode,artist311
Youn Sun Nah,artist312
Röyksopp,artist313
The Police,artist314
Creedence Clearwater Revival,artist315
Ramin Djawadi,artist316
Scott Bradlee feat. Dave Koz,artist317
Sex Bob-Omb,artist318
The Specials,artist319
ZZ Top,artist320
Portishead,artist321
Evanescence,artist322
The Stranglers,artist323
Tina Turner,artist324
Flux Pavilion,artist325
Feed Me,artist326
Buddy Whittington,artist327
Jack Conte,artist328
Jin Oki,artist329
Orbital,artist330
The Hives,artist331
Black Sabbath,artist332
Going Quantum,artist333
Donuts featuring Swann,artist334
Gipsy Kings,artist335
Nickelback,artist336
The Darkness,artist337
The Cranberries,artist338
The Stooges,artist339
Jackson 5,artist340
Pow Wow,artist341
Jurojin,artist342
The xx,artist343
Weezer,artist344
Bon Jovi,artist345
Indochine,artist346
Caesars,artist347
Wolfmother,artist348
Teenage Bad Girl,artist349
Zombie Nation,artist350
Steve Mazzaro,artist351
Guns N' Roses,artist352
Manau,artist353
Mickael Miro,artist354
Tortoza,artist355
Telephone,artist356
Demi Lovato,artist357
Fallen to Flux,artist358
Les Friction,artist359
Bright White Lightning,artist360
Kyle Gass Band,artist361
Virtual Boy,artist362
Manu Chao,artist363
M83,artist364
Cyesm,artist365
Boston,artist366
Ozzy Osbourne,artist367
Stereophonics,artist368
The Cardigans,artist369
Juno Reactor,artist370
Mike Oldfield,artist371
Swing Republic,artist372
Creed,artist373
Gary Moore,artist374
CRA,artist375
Carbon Based Lifeforms,artist376
Deluxe,artist377
The Naked And Famous,artist378
Kid Cudi,artist379
Rayzd,artist380
The Vines,artist381
St Germain,artist382
Placebo,artist383
Sting,artist384
The White Stripes,artist385
The Alan Parsons Project,artist386
Rainbow,artist387
deadmau5,artist388
alt-J,artist389
Norman Greenbaum,artist390
Apollo 440,artist391
U2,artist392
Lynyrd Skynyrd,artist393
Electric Six,artist394
Dave Brubeck,artist395
Sonata Arctica,artist396
Batman: Original Motion Picture Score/Danny Elfman,artist397
The Gregory Brothers,artist398
Raison Varner,artist399
The Walking Dead,artist400
Stephanie Mabey,artist401
Alice In Chains,artist402
Vast,artist403
Brother Dege (AKA Dege Legg),artist404
Robinerd,artist405
The Name,artist406
Death,artist407
Diablo Swing Orchestra,artist408
Yellowcard,artist409
Haddaway,artist410
Pixies,artist411
Beck,artist412
The Hoosiers,artist413
Theophany,artist414
Niko,artist415
Shin-Ski,artist416
[500] Days Of Summer - Music From The Motion Picture,artist417
Counting Crows,artist418
Lilygreen & Maguire,artist419
Beans On Toast,artist420
Michael Cera & Ellen Page,artist421
Daniel Powter,artist422
Babyshambles,artist423
The Twang,artist424
Barenaked Ladies,artist425
Eliza Doolittle,artist426
Rascal Flatts,artist427
James Blunt,artist428
Frank Turner,artist429
Butterfly Boucher,artist430
The 1975,artist431
Snow Patrol,artist432
The Libertines,artist433
Flogging Molly,artist434
The Rifles,artist435
Pete Yorn,artist436
Coldplay,artist437
Kaiser Chiefs,artist438
The View,artist439
Ed Sheeran,artist440
Bastille,artist441
Uncle Kracker,artist442
The Fratellis,artist443
Lily Allen,artist444
Half Moon Run,artist445
Belle & Sebastian,artist446
Bowling For Soup,artist447
Jimmy Eat World,artist448
The Wanted,artist449
Meaghan Smith,artist450
Avicii,artist451
The Pigeon Detectives,artist452
Passenger,artist453
Taylor Swift,artist454
The Stone Roses,artist455
Various Artists,artist456
Tom Odell,artist457
The Ordinary Boys,artist458
Edwin McCain,artist459
Jack Johnson,artist460
Sarah Blasko,artist461
Sum 41,artist462
The Kooks,artist463
Third Eye Blind,artist464
Arctic Monkeys,artist465
Sugarland,artist466
Oasis For Piano,artist467
Kimya Dawson,artist468
McFly,artist469
The Killers,artist470
Stooshe,artist471
Mat Kearney,artist472
The Vaccines,artist473
GABRIELLE APLIN,artist474
CHVRCHES,artist475
Vance Joy,artist476
Macklemore & Ryan Lewis,artist477
A Great Big World,artist478
Elise Lieberth,artist479
Mumm-ra,artist480
The Enemy,artist481
The Courteeners,artist482
Band of Horses,artist483
Steve Earle,artist484
Little Jackie,artist485
Jack Penate,artist486
Jason Derulo,artist487
Katy Perry,artist488
Squeeze,artist489
Riders In The Sky,artist490
The Beach Boys,artist491
Newton Faulkner,artist492
Lifehouse,artist493
Deap Vally,artist494
Woman's Hour,artist495
Two Door Cinema Club,artist496
Man Without Country,artist497
Fryars,artist498
Urban Cone,artist499
Monarchy,artist500
Young Kato,artist501
PYLO,artist502
The Family Rain,artist503
Hudson Taylor,artist504
Haim,artist505
Splashh,artist506
Layla,artist507
Josh Weller,artist508
Dan Croll,artist509
Big Deal,artist510
Lewis Watson,artist511
Dry the River,artist512
Coasts,artist513
Loon Lake,artist514
Imagine Dragons,artist515
Vampire Weekend,artist516
Kodaline,artist517
San Cisco,artist518
Twin Shadow,artist519
The History Of Apple Pie,artist520
Big Black Delta,artist521
I Heart Sharks,artist522
Shinies,artist523
Outside Central,artist524
Hook & The Twin,artist525
Ásgeir,artist526
Gabriel Bruce,artist527
Peace,artist528
DON BROCO,artist529
Lea Salonga,artist530
Jerry Orbach,artist531
Paige O'Hara,artist532
Maia Wilson,artist533
Kristen Bell,artist534
Ernie Sabella,artist535
Frou Frou,artist536
Laura Williams,artist537
Eels,artist538
Richard Price,artist539
Tangled Ensemble,artist540
Dickie Jones,artist541
Josh Gad,artist542
Samuel E. Wright,artist543
Nick Cave,artist544
Randy Newman,artist545
Sarah McLachlan,artist546
Rachael Yamagata,artist547
Alana Grace,artist548
Amanda Seyfried,artist549
The Script,artist550
Phillip Phillips,artist551
Ben Howard,artist552
Matt Nathanson,artist553
One Eskimo,artist554
VHS or Beta,artist555
Lennon & Maisy,artist556
Jamie T,artist557
Ryan O'Shaughnessy,artist558
Livingston,artist559
The Vamps,artist560
Lucy Spraggan,artist561
Calvin Harris,artist562
lostprophets,artist563
Jake Bugg,artist564
He Is We,artist565
Kelly Clarkson,artist566
Ross Copperman,artist567
Lady Antebellum,artist568
Bob Carlisle,artist569
Cat Stevens,artist570
The Pogues,artist571
Peabo Bryson,artist572
Alyssa Reid,artist573
The Wombats,artist574
Olly Murs,artist575
Justin Bieber,artist576
The Cab,artist577
Young Money,artist578
Kip Moore,artist579
One Direction,artist580
Beyoncé,artist581
Boyzone,artist582
Glee Cast,artist583
Simon & Garfunkel,artist584
Hugh Jackman,artist585
S Club 7,artist586
Elton John,artist587
Cast Of 'Camp Rock 2',artist588
Christina Aguilera,artist589
Allstar Weekend,artist590
OneRepublic,artist591
Anna Kendrick,artist592
Luther Vandross,artist593
Kate Nash,artist594
Avril Lavigne,artist595
Rizzle Kicks,artist596
Train,artist597
Luke Bryan,artist598
Labrinth,artist599
The Saturdays,artist600
Scouting For Girls,artist601
Music Ministry,artist602
Atomic Kitten,artist603
Fleetwood Mac,artist604
Tracy Chapman,artist605
Bethany Joy Galeotti,artist606
Eva Cassidy,artist607
"Matthew Mdot"" Finley""",artist608
The Streets,artist609
Sara Bareilles,artist610
Just Jack,artist611
Joe Jonas,artist612
Mariah Carey,artist613
Ellie Goulding,artist614
Lindsay Lohan,artist615
Juliet Turner,artist616
The Lonely Island,artist617
Jr. James & the Late Guitar,artist618
The Band Perry,artist619
Timbaland,artist620
Iglu & Hartly,artist621
Nick Jonas,artist622
The Goo Goo Dolls,artist623
Alyson Stoner,artist624
The Click Five,artist625
Sunday Lane,artist626
Les Misérables - Original London Cast,artist627
JLS,artist628
Westlife,artist629
Barry Louis Polisar,artist630
Jonny Blu,artist631
Tyler Hilton,artist632
Feist,artist633
The Faders,artist634
Jessie J,artist635
Leona Lewis,artist636
Ron Pope,artist637
Maroon 5,artist638
Simple Plan,artist639
She & Him,artist640
Carla Bruni,artist641
Joe McElderry,artist642
Shout for England,artist643
The Temper Trap,artist644
Studio Allstars,artist645
Rock Mafia,artist646
Take That,artist647
DJ Jazzy Jeff & The Fresh Prince,artist648
Mary J. Blige,artist649
Doves,artist650
Raven-Symoné,artist651
Kimya Dawson & Antsy Pants,artist652
P!nk,artist653
Cheryl,artist654
Antsy Pants,artist655
Jedward,artist656
K'NAAN,artist657
Jana Kramer,artist658
Cher Lloyd,artist659
David Guetta,artist660
Mel Blanc,artist661
Michelle Branch,artist662
Colbie Caillat,artist663
Max Bygraves,artist664
Tom Scott,artist665
Christina Perri,artist666
Eli Young Band,artist667
The Pretty Reckless,artist668
Idina Menzel,artist669
Jonathan Groff,artist670
Miss Amani,artist671
Jesse McCartney,artist672
Mavis Staples,artist673
Bob Dylan,artist674
Miley Cyrus,artist675
Chantal Kreviazuk,artist676
Roll Deep,artist677
Michael Bublé,artist678
Webb Pierce,artist679
Gavin DeGraw,artist680
Nelly,artist681
Chubby Checker,artist682
Lonsdale Boys Club,artist683
Rihanna,artist684
Kids In Glass Houses,artist685
Myra,artist686
Frankie Valli,artist687
Iyaz,artist688
Mandy Moore,artist689
Krystal Harris,artist690
Clare Maguire,artist691
Paramore,artist692
Alicia Keys,artist693
Backstreet Boys,artist694
Flo Rida,artist695
Nik Kershaw,artist696
Fall Out Boy,artist697
All Time Low,artist698
You Me At Six,artist699
Pierce The Veil,artist700
AS IT IS,artist701
Journey,artist702
Sam Smith,artist703
Sleeping With Sirens,artist704
Of Mice & Men,artist705
Patty,artist706
Håkan Hellström,artist707
Zacharias Blad,artist708
Adam Opinio,artist709
Bring Me the Horizon,artist710
Luke Cutforth,artist711
"Chunk! No, Captain Chunk!",artist712
5 Seconds Of Summer,artist713
The Ark,artist714
George Ezra,artist715
Omi,artist716
MKTO,artist717
Echosmith,artist718
Roomie,artist719
Bright Eyes,artist720
Molly Sandén,artist721
Sheppard,artist722
Ulrik Munther,artist723
Shawn Mendes,artist724
Austin Mahone,artist725
Timeflies,artist726
The Fray,artist727
Amaranthe,artist728
Timbuktu,artist729
Magic!,artist730
Cody Simpson,artist731
Macklemore & Ryan Lewis ft. Mary Lambert,artist732
Walk the Moon,artist733
Karaoke Pop Stars,artist734
Psykbryt,artist735
Hozier,artist736
G.R.L.,artist737
Lysande Utsiker,artist738
Hunter Hayes,artist739
Martin Tungevaag,artist740
Axwell,artist741
Tiësto,artist742
Zedd,artist743
Swedish House Mafia,artist744
Deorro,artist745
Sick Individuals,artist746
Ivan Gough & Feenixpawl feat. Georgi Kay,artist747
Armin van Buuren,artist748
An21,artist749
Dash Berlin,artist750
Glasvegas,artist751
Markus Krunegård,artist752
Slowdive,artist753
The Perishers,artist754
Vera Vinter,artist755
Jonathan Johansson,artist756
Ivan & Alyosha,artist757
Blue Lagoon,artist758
Stars,artist759
Neon Indian,artist760
Active Child,artist761
Hermitude,artist762
Ida Redig,artist763
Jennifer Lopez,artist764
Snook,artist765
MNEK,artist766
Chad Valley,artist767
Gyllene Tider,artist768
Teddybears,artist769
Chechen,artist770
Those Dancing Days,artist771
Rosanna,artist772
SBTRKT,artist773
The Chainsmokers,artist774
Alexis Weak,artist775
Yeasayer,artist776
Sky Ferreira,artist777
Ben Sollee,artist778
Moderat,artist779
Wild Beasts,artist780
The Crookes,artist781
Solander,artist782
Kent,artist783
SOHN,artist784
The Black Eyed Peas,artist785
SZA,artist786
Den svenska björnstammen,artist787
Bette Midler,artist788
Warpaint,artist789
Foals,artist790
Todd Rundgren,artist791
Only Real,artist792
Menomena,artist793
Princeton,artist794
Kitten,artist795
Horse Thief,artist796
Ella Eyre,artist797
The Weeknd,artist798
Cherub,artist799
Moving Mountains,artist800
The Colurs,artist801
Lasse Lindh,artist802
Josef Salvat,artist803
Withered Hand,artist804
Kiev,artist805
The Handsome Family,artist806
Timo Räisänen,artist807
Brad Sucks,artist808
Johnny Flynn,artist809
Angel Olsen,artist810
Why?,artist811
The Cadillac Three,artist812
Beatrice Eli,artist813
Ingrid Michaelson,artist814
Pogo,artist815
Glass Animals,artist816
King Of Spain,artist817
Filip Jenven,artist818
The Gaslight Anthem,artist819
Ry Cuming,artist820
Lykke Li,artist821
Kygo,artist822
Drenge,artist823
Nashville Cast,artist824
Arcade Fire,artist825
Chromeo,artist826
Todd Terje,artist827
Kite,artist828
Otis Redding,artist829
DOTT,artist830
Nas,artist831
Gliss,artist832
Headlights,artist833
Modest Mouse,artist834
Toni Basil,artist835
NEEDTOBREATHE,artist836
First Aid Kit,artist837
Rose Windows,artist838
Blackstreet,artist839
Justin Timberlake,artist840
Chief,artist841
Bloc Party,artist842
The O's,artist843
Matthew And The Atlas,artist844
Stone Temple Pilots,artist845
Florence Valentin,artist846
Jens Hult,artist847
Young Galaxy,artist848
Tomas Barfod,artist849
Gorgon City,artist850
ABBA,artist851
Mac Demarco,artist852
Dinosaur Jr.,artist853
Tove Lo,artist854
Milky Chance,artist855
Family of the Year,artist856
Berndsen,artist857
Baltimora,artist858
Susanne Sundfør,artist859
French Horn Rebellion,artist860
Far East Movement,artist861
Tan Vampires,artist862
✝✝✝ (Crosses),artist863
My Chemical Romance,artist864
Lana Del Rey,artist865
Amason,artist866
Vånna Inget,artist867
Nina Persson,artist868
Makthaverskan,artist869
Mike Mogis,artist870
The 2 Bears,artist871
Broods,artist872
Trent Dabbs,artist873
The American Analog Set,artist874
AronChupa,artist875
Jai Paul,artist876
Nordpolen,artist877
Broder Daniel,artist878
Louis Prima,artist879
The Intelligence,artist880
Lena Horne,artist881
Waldemaar,artist882
Bipolar Sunshine,artist883
ef,artist884
The Magnetic Fields,artist885
The Weepies,artist886
Freelance Whales,artist887
The Breeders,artist888
The Vaselines,artist889
Radical Face,artist890
Sufjan Stevens,artist891
Loosegoats,artist892
Lars Winnerbäck,artist893
Diddy,artist894
Leonard Cohen,artist895
RY X,artist896
Siouxsie And The Banshees,artist897
The Kills,artist898
Lustre,artist899
The Smiths,artist900
Salem Al Fakir,artist901
Andreas Mattsson,artist902
Loney Dear,artist903
Emma Louise,artist904
Peter Thomas,artist905
Kristian Anttila,artist906
Port St. Willow,artist907
Jeffrey,artist908
D-A-D,artist909
Future Islands,artist910
Ta-ku,artist911
S.O.D,artist912
Black Flag,artist913
Orgy,artist914
Schoolboy Q,artist915
Led Zeppelin,artist916
Seth Sentry,artist917
The Ziggens,artist918
The Story So Far,artist919
Titiyo,artist920
Sallie Ford & The Sound Outside,artist921
Being As An Ocean,artist922
Strahan,artist923
Drake,artist924
Tiger Bell,artist925
The Beta Band,artist926
Oscar Isaac,artist927
The Soundtrack Of Our Lives,artist928
Dj Boosta,artist929
Marky Mark,artist930
Solomon Burke,artist931
Nazareth,artist932
ISIS,artist933
Terror,artist934
Sebastian Wijk,artist935
Cayucas,artist936
Betty Who,artist937
Chlöe Howl,artist938
Athletics,artist939
Anna Lunoe,artist940
Jeff Buckley,artist941
The World Is A Beautiful Place & I Am No Longer Afraid To Die,artist942
Death Grips,artist943
Agnes,artist944
Rob Base,artist945
Thirty Seconds To Mars,artist946
Nils Frahm,artist947
Raphael Saadiq,artist948
Peter Lemarc,artist949
No Doubt,artist950
Rod Stewart,artist951
Ted Nugent,artist952
The Lemonheads,artist953
Christine and the Queens,artist954
Cake,artist955
The Yellow Subs,artist956
Neutral Milk Hotel,artist957
Geographer,artist958
Wildlife Control,artist959
M. Ward,artist960
Marina and The Diamonds,artist961
This Will Destroy You,artist962
Dio,artist963
Panda Da Panda,artist964
Laakso,artist965
Rilo Kiley,artist966
Erik Rapp,artist967
Gates,artist968
Ripple & Murmur,artist969
Hästpojken,artist970
New Kids On The Block,artist971
The Brian Jonestown Massacre,artist972
Flowers,artist973
Nails,artist974
Moonbaies,artist975
Will And The People,artist976
City and Colour,artist977
David Byrne & St. Vincent,artist978
Miles Fisher,artist979
Vapnet,artist980
Dead Kennedys,artist981
Igorrr,artist982
Dvbbs,artist983
Aerial,artist984
Katrina & The Waves,artist985
Nicole Sabouné,artist986
Barbara Lynn,artist987
Explosions In The Sky,artist988
Keaton Henson,artist989
Peter Bjorn And John,artist990
Kyla La Grange,artist991
Death Cab for Cutie,artist992
Lord Huron,artist993
Fleet Foxes,artist994
The Shins,artist995
Daughter,artist996
Junip,artist997
Churchill,artist998
Hey Marseilles,artist999
J Balvin,artist1000
Enrique Iglesias,artist1001
Los Hijos del sol,artist1002
Don Omar,artist1003
Sash!,artist1004
Nicky Jam,artist1005
"Osmani Garcia La Voz""""",artist1006
Dvicio,artist1007
Pitbull,artist1008
Daddy Yankee,artist1009
Los Enanitos Verdes,artist1010
Los Del Rio,artist1011
Natalia Lafourcade,artist1012
Thewen,artist1013
Marc Anthony,artist1014
Dawid Podsiadlo,artist1015
Garbage,artist1016
MNDR,artist1017
will.i.am,artist1018
Tom Waits,artist1019
"Albert Hammond, Jr.",artist1020
Tame Impala,artist1021
Eminem,artist1022
Martin,artist1023
Cat Power,artist1024
Humble Pie,artist1025
Manic Street Preachers,artist1026
The Reddings,artist1027
Bryan John Appleby,artist1028
Concrete Blonde,artist1029
Yeah Yeah Yeahs,artist1030
Blouse,artist1031
The Cure,artist1032
The Majority Says,artist1033
Julian Casablancas,artist1034
Young the Giant,artist1035
The Strokes,artist1036
Fallulah,artist1037
Palma Violets,artist1038
WU LYF,artist1039
Mew,artist1040
Phantogram,artist1041
Phoenix,artist1042
The Tallest Man On Earth,artist1043
Milo Greene,artist1044
The Smashing Pumpkins,artist1045
Neon Trees,artist1046
Shout Out Louds,artist1047
Miss Li,artist1048
Lucinda Williams,artist1049
Tom Robinson Band,artist1050
The Fresh & Onlys,artist1051
M.I.A.,artist1052
The Civil Wars,artist1053
Sombear,artist1054
Hello Saferide,artist1055
Azealia Banks,artist1056
Bad Religion,artist1057
Hurula,artist1058
The Rakes,artist1059
My Robot Friend,artist1060
Sleigh Bells,artist1061
Kings Of Convenience,artist1062
Molotov Jive,artist1063
Astrid S,artist1064
Edward Sharpe & The Magnetic Zeros,artist1065
Lorde,artist1066
Suzi Quatro,artist1067
Soundgarden,artist1068
Paul Simon,artist1069
Three Trapped Tigers,artist1070
Born Ruffians,artist1071
Llojd,artist1072
Ebba Grön,artist1073
Damien Rice,artist1074
Wyclef Jean featuring Mary J. Blige,artist1075
JAY Z,artist1076
Iamamiwhoami,artist1077
The Big Pink,artist1078
Drowners,artist1079
Beirut,artist1080
The Velvet Teen,artist1081
Joni Mitchell,artist1082
Phosphorescent,artist1083
Deptford Goth,artist1084
Marcy Playground,artist1085
The Groop,artist1086
Maximo Park,artist1087
Deportees,artist1088
The Joy Formidable,artist1089
Miike Snow,artist1090
Love,artist1091
Louis XIV,artist1092
Motion City Soundtrack,artist1093
New Look,artist1094
Matt Pond PA,artist1095
Dawes,artist1096
The Neighbourhood,artist1097
Elvis Presley,artist1098
Kira Isabella,artist1099
Little Comets,artist1100
Fergie,artist1101
Angels & Airwaves,artist1102
Steve Mason,artist1103
Billie The Vision & The Dancers,artist1104
Cold War Kids,artist1105
OK Go,artist1106
Rodriguez,artist1107
Jim James,artist1108
White Lies,artist1109
College & Electric Youth,artist1110
Mayday Parade,artist1111
Popsicle,artist1112
Tori Amos,artist1113
This Is Ivy League,artist1114
The Postal Service,artist1115
Joel Alme,artist1116
Metronomy,artist1117
Dream On Dreamer,artist1118
Emarosa,artist1119
Editors,artist1120
Evergrey,artist1121
Duran Duran,artist1122
Procol Harum,artist1123
Janis Joplin,artist1124
Bear's Den,artist1125
Goldfrapp,artist1126
Clean Bandit,artist1127
Maps,artist1128
Cage The Elephant,artist1129
Malcolm McLaren,artist1130
The Bravery,artist1131
Nine Days,artist1132
Marianas Trench,artist1133
St. Vincent,artist1134
Violent Femmes,artist1135
Old 97's,artist1136
Jukebox The Ghost,artist1137
Beach Fossils,artist1138
Young Ejecta,artist1139
Toto,artist1140
William Fitzsimmons,artist1141
We Are Scientists,artist1142
John Frusciante,artist1143
Justin Nozuka,artist1144
Baxter Dury,artist1145
Crash Test Dummies,artist1146
Under The Influence of Giants,artist1147
The Tragically Hip,artist1148
The Sugargliders,artist1149
Outlandish,artist1150
Graveyard,artist1151
Bill Withers,artist1152
Snakadaktal,artist1153
Kisses,artist1154
Local Natives,artist1155
Rank 1,artist1156
Ray LaMontagne,artist1157
Write This Down,artist1158
Isolation Years,artist1159
Thåström,artist1160
The Afghan Whigs,artist1161
Linnea Henriksson,artist1162
Empire Of The Sun,artist1163
Simple Minds,artist1164
Say Anything,artist1165
Hilary Duff,artist1166
Lost In The Trees,artist1167
The Airborne Toxic Event,artist1168
The Kinks,artist1169
St. Lucia,artist1170
Molina And Johnson,artist1171
Lauren O'Connell,artist1172
Björk,artist1173
Kristofer Åström,artist1174
The Well Pennies,artist1175
Icona Pop,artist1176
Tanlines,artist1177
Kanye West,artist1178
The Spill Canvas,artist1179
Free,artist1180
Blue,artist1181
A Day To Remember,artist1182
Smash Mouth,artist1183
Parachute,artist1184
Interpol,artist1185
Regina Spektor,artist1186
Serenades,artist1187
The Knocks,artist1188
Ghost Thrower,artist1189
Morphine,artist1190
Our Lady Peace,artist1191
Bat For Lashes,artist1192
Halloween,artist1193
Cecilia Nordlund,artist1194
Stefan Sundström,artist1195
Maskinen,artist1196
Polarkreis 18,artist1197
Säkert!,artist1198
Imperiet,artist1199
Broken Social Scene,artist1200
A Fine Frenzy,artist1201
Bee Gees,artist1202
Gilbert O'Sullivan,artist1203
Elliott Smith,artist1204
Supergrass,artist1205
Panama,artist1206
Bombay Bicycle Club,artist1207
Pet Shop Boys,artist1208
Tim and Eric,artist1209
Nico & Vinz,artist1210
Shearwater,artist1211
Donkeyboy,artist1212
Coco Morier,artist1213
The Damned,artist1214
Purity Ring,artist1215
Don McLean,artist1216
Patti Smith,artist1217
Fightstar,artist1218
James IV,artist1219
Chumbawamba,artist1220
Sun Kil Moon,artist1221
Washed Out,artist1222
Jens Lekman,artist1223
Brian Eno,artist1224
Devendra Banhart,artist1225
Beastie Boys,artist1226
Sex Pistols,artist1227
The Avett Brothers,artist1228
Nick Cave & The Bad Seeds,artist1229
Light Heat,artist1230
Angus & Julia Stone,artist1231
Greg Laswell,artist1232
Type O Negative,artist1233
Shaggy,artist1234
Taxicab Racers,artist1235
The Walkmen,artist1236
Bearhug,artist1237
Twiggy Frostbite,artist1238
Against Me!,artist1239
Jónsi,artist1240
Suede,artist1241
Musikkollektivet,artist1242
The Pains Of Being Pure At Heart,artist1243
John Denver,artist1244
Au Revoir Simone,artist1245
Josh Ritter,artist1246
powerkompany,artist1247
Lower Than Atlantis,artist1248
The Leisure Society,artist1249
Antony & The Johnsons,artist1250
Lady Danville,artist1251
Story Of The Year,artist1252
Nickel Creek,artist1253
Coconut Records,artist1254
Air Traffic Controller,artist1255
Sick Puppies,artist1256
"Fibes, Oh Fibes!",artist1257
Twin Atlantic,artist1258
Efterklang,artist1259
Jethro Tull,artist1260
Nosaj Thing,artist1261
Wintersleep,artist1262
Paper Route,artist1263
Rooney,artist1264
Foster The People,artist1265
Everything Everything,artist1266
Daryl Hall & John Oates,artist1267
Kleerup,artist1268
MS MR,artist1269
Deer Tick,artist1270
The Weakerthans,artist1271
La Fleur Fatale,artist1272
Metallica,artist1273
Fang Island,artist1274
Seven Doors Hotel,artist1275
Crystal Fighters,artist1276
Double 0 Zero,artist1277
Coin,artist1278
Benjamin Francis Leftwich,artist1279
Joy Division,artist1280
Blondie,artist1281
The Red Jumpsuit Apparatus,artist1282
The Raveonettes,artist1283
Misfits,artist1284
AlunaGeorge,artist1285
Augustines,artist1286
Arthur Conley,artist1287
Big Scary,artist1288
S. Carey,artist1289
Courtney Barnett,artist1290
Cornelis Vreeswijk,artist1291
Electric Guest,artist1292
A Tribe Called Quest,artist1293
Oberhofer,artist1294
Hole,artist1295
OutKast,artist1296
Ariel Pink's Haunted Graffiti,artist1297
Steget,artist1298
Tommy James & The Shondells,artist1299
Ween,artist1300
Youth Group,artist1301
Willie Nelson,artist1302
Smith,artist1303
Britta Persson,artist1304
The Cake,artist1305
Die Antwoord,artist1306
David Gray,artist1307
Jake Fior,artist1308
Tegan And Sara,artist1309
Caotico,artist1310
Atlas Genius,artist1311
Amy Winehouse,artist1312
Aqua,artist1313
Someone Still Loves You Boris Yeltsin,artist1314
Ebbot Lundberg,artist1315
Lonely The Brave,artist1316
Bad Company,artist1317
R.E.M.,artist1318
The Flaming Lips,artist1319
Black Lips,artist1320
Frank Ocean,artist1321
The Maccabees,artist1322
Kenta,artist1323
Accept,artist1324
Kindest Lines,artist1325
King Charles,artist1326
Tokyo Police Club,artist1327
Brainpool,artist1328
Gorky Park,artist1329
Nancy Sinatra,artist1330
Dirty Pretty Things,artist1331
Quiet Riot,artist1332
The Clash,artist1333
LIGHTS,artist1334
Blackbird Raum,artist1335
Dickon Hinchliffe,artist1336
Heart,artist1337
Meat Loaf,artist1338
Robyn,artist1339
The Ronettes,artist1340
Simian Ghost,artist1341
Boeoes Kaelstigen,artist1342
Foy Vance,artist1343
Bon Iver,artist1344
CAZZETTE,artist1345
The Antlers,artist1346
Adam Heldring,artist1347
Robert Svensson,artist1348
Black Rebel Motorcycle Club,artist1349
Moto Boy,artist1350
The Sounds,artist1351
Head Automatica,artist1352
Junkyard Groove,artist1353
Auditorium,artist1354
Macy Gray,artist1355
Dum Dum Girls,artist1356
Florence + The Machine,artist1357
Emil Jensen,artist1358
Hollywood Undead,artist1359
Blur,artist1360
Slipknot,artist1361
Anton Ewald,artist1362
E for Explosion,artist1363
Panic! At The Disco,artist1364
John Mayer,artist1365
Maria Mena,artist1366
Amen Corner,artist1367
Docent Död,artist1368
Nothing,artist1369
My Morning Jacket,artist1370
The Drums,artist1371
Familjen,artist1372
Teen,artist1373
Carolina Liar,artist1374
John Butler Trio,artist1375
Peter Bradley Adams,artist1376
Mattafix,artist1377
Big Data,artist1378
Bow Wow,artist1379
The Wannadies,artist1380
Sia,artist1381
Firefox AK,artist1382
Boy & Bear,artist1383
Benjamin Gibbard,artist1384
Daniel the Brave,artist1385
Lene Lovich,artist1386
Desert Noises,artist1387
The Rosenbergs,artist1388
Circa Survive,artist1389
Jeremih,artist1390
Meredith Brooks,artist1391
Kendrick Lamar,artist1392
Erik Hassle,artist1393
Little Steven,artist1394
Vanbot,artist1395
The White Buffalo,artist1396
Seahaven,artist1397
Salt Cathedral,artist1398
Ram Jam,artist1399
Moonface,artist1400
Jay Smith,artist1401
The Dodos,artist1402
Useless Eaters,artist1403
Bang Gang,artist1404
Blitzen Trapper,artist1405
Mando Diao,artist1406
Metric,artist1407
Tricky,artist1408
Caroline Wennergren,artist1409
Nina Simone,artist1410
Muse,artist1411
Dawn Golden And Rosy Cross,artist1412
Say Hi,artist1413
Blackbear,artist1414
King Krule,artist1415
Meshuggah,artist1416
Helios,artist1417
Chase & Status,artist1418
Silver Mt Zion,artist1419
Everlast,artist1420
Little Dragon,artist1421
Bob Hund,artist1422
Min Stora Sorg,artist1423
Silvana Imam,artist1424
The Middle East,artist1425
I Are Droid,artist1426
Mariam The Believer,artist1427
The Horrible Crowes,artist1428
Mutemath,artist1429
Silversun Pickups,artist1430
Atreyu,artist1431
Moneybrother,artist1432
Good Shoes,artist1433
The Raconteurs,artist1434
Late of the Pier,artist1435
Puddle Of Mudd,artist1436
Cirkus Miramar,artist1437
Gregory and the Hawk,artist1438
Frank Zappa,artist1439
Pale Seas,artist1440
Doe Paoro,artist1441
Just Surrender,artist1442
Noonie Bao,artist1443
The Dandy Warhols,artist1444
Scanners,artist1445
Horse Feathers,artist1446
Tiny Masters Of Today,artist1447
P.O.D.,artist1448
John Lee Hooker,artist1449
Tim Wilson,artist1450
Dormtainment,artist1451
Tove Styrke,artist1452
Albert King,artist1453
Parken,artist1454
David Bowie,artist1455
Stone Sour,artist1456
Frightened Rabbit,artist1457
Nina Nesbitt,artist1458
Iron & Wine,artist1459
Hannah,artist1460
Best Coast,artist1461
XOV,artist1462
Banks,artist1463
Little Things,artist1464
Folk Implosion,artist1465
Andrew Jackson Jihad,artist1466
La Sera,artist1467
BringTheWarHome,artist1468
Charli XCX,artist1469
You+Me,artist1470
The Dig,artist1471
Supertramp,artist1472
Anberlin,artist1473
Breaking Benjamin,artist1474
Telepopmusik,artist1475
Anna Nalick,artist1476
Into It. Over It.,artist1477
Ben Folds Five,artist1478
Sleeping At Last,artist1479
The Innocence Mission,artist1480
OPM,artist1481
Aqualung,artist1482
León Larregui,artist1483
One Night Only,artist1484
Norma Bates,artist1485
Echo And The Bunnymen,artist1486
Margot & The Nuclear So And So's,artist1487
Seether,artist1488
Angus Stone,artist1489
Modern Baseball,artist1490
Summer Heart,artist1491
James Morrison,artist1492
Neva Dinova,artist1493
Modern Talking,artist1494
Van Morrison,artist1495
Chairlift,artist1496
Honeyblood,artist1497
Neneh Cherry,artist1498
The Fooo Conspiracy,artist1499
The Republic Tigers,artist1500
VETO,artist1501
Martin Gabriel,artist1502
Grande Roses,artist1503
Cults,artist1504
Still Life Still,artist1505
Burning Hearts,artist1506
UNKLE Feat. Ian Astbury,artist1507
The Whitest Boy Alive,artist1508
Talking Heads,artist1509
Mark Lanegan,artist1510
The Black Keys,artist1511
Ace Wilder,artist1512
Minnaars,artist1513
Public Enemy,artist1514
Los Campesinos!,artist1515
Cut Off Your Hands,artist1516
Bay City Rollers,artist1517
Stray Cats,artist1518
Plastic Bertrand,artist1519
Mazzy Star,artist1520
Shark?,artist1521
The Lucksmiths,artist1522
Captain Beefheart & His Magic Band,artist1523
Senses Fail,artist1524
Alkaline Trio,artist1525
The Common Linnets,artist1526
Jakob,artist1527
Kim Wilde,artist1528
Neil Young,artist1529
Sea Legs,artist1530
The Woodlands,artist1531
The Cramps,artist1532
Blind Faith,artist1533
Parachute Youth,artist1534
Axwell^Ingrosso,artist1535
The Heavy,artist1536
Cymbals,artist1537
Taking Back Sunday,artist1538
My Little Pony,artist1539
RM Hubbert with Aidan Moffat & Alex Kapranos,artist1540
The Housemartins,artist1541
Alpinestars,artist1542
Memoryhouse,artist1543
The Captain & Me,artist1544
Kansas,artist1545
Ray Charles,artist1546
Wiley,artist1547
Allah-Las,artist1548
Ugly Kid Joe,artist1549
James Vincent McMorrow,artist1550
Frédéric Chopin,artist1551
New Order,artist1552
Sam Cooke,artist1553
POLIÇA,artist1554
Above The Golden State,artist1555
El Perro Del Mar,artist1556
Example,artist1557
2Pac,artist1558
Iwan Rheon,artist1559
Future Of Forestry,artist1560
Norah Jones,artist1561
Darin,artist1562
Harto,artist1563
Basement Batman,artist1564
Bratmobile,artist1565
April March,artist1566
Deep Purple,artist1567
Fire In The Hamptons,artist1568
The Doobie Brothers,artist1569
Mother Love Bone,artist1570
Alex Winston,artist1571
Elisabeth Leonskaja,artist1572
The Lighthouse And The Whaler,artist1573
Benny Benassi,artist1574
Better Than Ezra,artist1575
Frànçois & The Atlas Mountains,artist1576
Last Lynx,artist1577
Wye Oak,artist1578
Flight Facilities,artist1579
Danny Brown,artist1580
Lisa Mitchell,artist1581
Jacco Gardner,artist1582
Slackwax,artist1583
Semisonic,artist1584
Kate Bush,artist1585
Old Crow Medicine Show,artist1586
Dionysos,artist1587
Wooly Mammoth,artist1588
The Twilight Sad,artist1589
Howie Day,artist1590
Ha Ha Tonka,artist1591
Grouplove,artist1592
Snowmine,artist1593
Joe Strummer,artist1594
Flashguns,artist1595
Sister Hazel,artist1596
Glen Hansard,artist1597
Marit Bergman,artist1598
Sibille Attar,artist1599
Kish Mauve,artist1600
Dexys Midnight Runners,artist1601
Pete And The Pirates,artist1602
Joe Cocker,artist1603
Cocoon,artist1604
Emanuel and the Fear,artist1605
The Sweet Serenades,artist1606
Yelle,artist1607
Jenny Wilson,artist1608
Pulp,artist1609
Heavens To Betsy,artist1610
Yann Tiersen,artist1611
Andrea Bocelli,artist1612
Zee Avi,artist1613
She's So Rad,artist1614
Otep,artist1615
Stereo MC's,artist1616
El Ten Eleven,artist1617
Joyce Manor,artist1618
Darwin Deez,artist1619
Architecture In Helsinki,artist1620
Gwen Stefani,artist1621
Santana,artist1622
Tribes,artist1623
Slow Magic,artist1624
The Samples,artist1625
Climax Blues Band,artist1626
Telekinesis,artist1627
"Tyler, The Creator",artist1628
Pantera,artist1629
Hadouken!,artist1630
Soulja Boy,artist1631
The Primitives,artist1632
The New Pornographers,artist1633
Thomas Rusiak feat: Teddybears STHLM,artist1634
Dave Matthews Band,artist1635
Bass Drum Of Death,artist1636
Gnarls Barkley,artist1637
Buckcherry,artist1638
Toad The Wet Sprocket,artist1639
Portugal. The Man,artist1640
James Blackshaw,artist1641
Brandon Flowers,artist1642
Five Finger Death Punch,artist1643
Tan Dun,artist1644
John Mellencamp,artist1645
Tiger Lou,artist1646
Roy Orbison,artist1647
Loreen,artist1648
Ginger Ninja,artist1649
Fixers,artist1650
They Live By Night,artist1651
Roachford,artist1652
Lulu & The Lampshades,artist1653
The Fine Arts Showcase,artist1654
Dan Bull,artist1655
Electrelane,artist1656
Bloodgroup,artist1657
Asaf Avidan,artist1658
The Royal Concept,artist1659
Niki & The Dove,artist1660
James Blake,artist1661
TV On The Radio,artist1662
Big Boi,artist1663
Mr. Big,artist1664
Charlene Soraia,artist1665
Brand New,artist1666
Rebecca & Fiona,artist1667
The Charts,artist1668
Wakey!Wakey!,artist1669
LCD Soundsystem,artist1670
Brodka,artist1671
Múm,artist1672
Thin Lizzy,artist1673
Billy Idol,artist1674
10 Years,artist1675
Kenny Loggins,artist1676
The Sound of Arrows,artist1677
Jonas Alaska,artist1678
Bauhaus,artist1679
Turin Brakes,artist1680
The Jezabels,artist1681
Army Navy,artist1682
Stephen Fretwell,artist1683
Wild At Heart,artist1684
Loudon Wainwright III,artist1685
Noah Gundersen,artist1686
Jean-Yves Thibaudet,artist1687
Diamond Rings,artist1688
Matt & Kim,artist1689
Gerry Rafferty,artist1690
Seven Lions,artist1691
Los Planetas,artist1692
Alina Devecerski,artist1693
Admiral Fallow,artist1694
Johnossi,artist1695
The Bloody Hollies,artist1696
Dead Man's Bones,artist1697
The Virginmarys,artist1698
Nico Stai,artist1699
Crossfade,artist1700
Shy Nature,artist1701
Ashtar Command,artist1702
PJ Harvey,artist1703
Xiu Xiu,artist1704
Radar Brothers,artist1705
Dwight Twilley,artist1706
Shakey Graves,artist1707
Band Of Skulls,artist1708
Logh,artist1709
Könsförrädare,artist1710
Dope,artist1711
Alain Planes,artist1712
Colectivo Oruga,artist1713
Le Tigre,artist1714
Django Django,artist1715
Johnny Clegg & Savuka,artist1716
Surfer Blood,artist1717
Timber Timbre,artist1718
The Hotelier,artist1719
Killers Walk Among Us,artist1720
Blaenavon,artist1721
Pernilla Andersson,artist1722
Mudvayne,artist1723
Thomas Stenström,artist1724
Gin Wigmore,artist1725
Delta Spirit,artist1726
My Jerusalem,artist1727
Finley Quaye & William Orbit,artist1728
Ram Di Dam,artist1729
Heartsrevolution,artist1730
New Politics,artist1731
Linnea Olsson,artist1732
Henke Wermelin & Nattskiftet,artist1733
Sonic Youth,artist1734
Of Monsters and Men,artist1735
Vita Bergen,artist1736
Santigold,artist1737
Liz Phair,artist1738
Looptroop Rockers,artist1739
Phantom Planet,artist1740
Blänk,artist1741
Candy Claws,artist1742
Cub Sport,artist1743
The Summer Obsession,artist1744
Gary Glitter,artist1745
Ane Brun,artist1746
Division Of Laura Lee,artist1747
Dido,artist1748
Electric Light Orchestra,artist1749
The Pussycat Dolls,artist1750
Penguin Prison,artist1751
I Can Make A Mess,artist1752
The Wonder Years,artist1753
Lenka,artist1754
The Black Angels,artist1755
Superette,artist1756
Richard And Linda Thompson,artist1757
Minor Majority,artist1758
Jonny Greenwood,artist1759
Steppenwolf,artist1760
Mariette,artist1761
Brett Dennen,artist1762
Mapei,artist1763
MØ,artist1764
Hüsker Dü,artist1765
JAWS,artist1766
The Decemberists,artist1767
Goldmund,artist1768
Amanda Mair,artist1769
In The Valley Below,artist1770
Jason Walker,artist1771
The Head And The Heart,artist1772
NONONO,artist1773
Disturbed,artist1774
Lydia,artist1775
Maps & Atlases,artist1776
Frida Sundemo,artist1777
Ella Fitzgerald,artist1778
The Depreciation Guild,artist1779
Abe Vigoda,artist1780
Savoir Adore,artist1781
Seapony,artist1782
The Coral,artist1783
Daryl Hall,artist1784
Azure Blue,artist1785
Roxette,artist1786
Blue Foundation,artist1787
The Cars,artist1788
BOY,artist1789
Snoop Dogg,artist1790
Pity Sex,artist1791
Aretha Franklin,artist1792
Monomen,artist1793
Anton Kristiansson,artist1794
Far & Son,artist1795
Veronica Maggio,artist1796
Other Lives,artist1797
YACHT,artist1798
Kate Ryan,artist1799
Ji Nilsson,artist1800
The Crane Wives,artist1801
The Eclectic Moniker,artist1802
Uriah Heep,artist1803
Foxes,artist1804
Stevie Nicks,artist1805
Melody Club,artist1806
Eddy Grant,artist1807
BØRNS,artist1808
Alexander Durefelt,artist1809
Young Wonder,artist1810
Them Crooked Vultures,artist1811
The Unicorns,artist1812
Hot Chocolate,artist1813
The Teenagers,artist1814
Vinnie Paz,artist1815
The Thermals,artist1816
The Horrors,artist1817
The Apples In Stereo,artist1818
Faith No More,artist1819
Emperor X,artist1820
Bo Kaspers Orkester,artist1821
Bell X1,artist1822
PlayRadioPlay!,artist1823
Photographers,artist1824
Buzzcocks,artist1825
Manchester Orchestra,artist1826
The Yearning,artist1827
Drive-By Truckers,artist1828
Tears For Fears,artist1829
Keane,artist1830
Harry Nilsson,artist1831
Maya Jane Coles,artist1832
Animal Kingdom,artist1833
Shwa Losben,artist1834
Destine,artist1835
Vertical Horizon,artist1836
Kele,artist1837
The Mary Onettes,artist1838
The Yardbirds,artist1839
Lauryn Hill,artist1840
Warren Zevon,artist1841
Morning Teleportation,artist1842
Gingerbread Patriots,artist1843
Dot Hacker,artist1844
Disclosure,artist1845
A$AP Rocky,artist1846
Casa del Mirto,artist1847
Zhu,artist1848
Marit Larsen,artist1849
Sci-Fi Skåne,artist1850
Trip Lee,artist1851
New Animal,artist1852
The Gentle Waves,artist1853
"Woe, Is Me",artist1854
New Found Glory,artist1855
Iggy Azalea,artist1856
Little Red Lung,artist1857
Rondò Veneziano,artist1858
Eddie Vedder,artist1859
Dan Hylander,artist1860
Kasabian,artist1861
Bel Heir,artist1862
Fink,artist1863
Electric President,artist1864
Jorn,artist1865
Rudimental,artist1866
Feeder,artist1867
Bikini Kill,artist1868
Everyone Everywhere,artist1869
Goldroom,artist1870
Camera Obscura,artist1871
Triumph,artist1872
Manowar,artist1873
FAIRCHILD ,artist1874
The Dear Hunter,artist1875
I See Stars,artist1876
We Are Trees,artist1877
Madeon,artist1878
Ty Segall,artist1879
Adrian Lux,artist1880
James Taylor,artist1881
Bloodhound Gang,artist1882
Scissor Sisters,artist1883
The Cult,artist1884
Emiliana Torrini,artist1885
Uffie,artist1886
Soko,artist1887
Morrissey,artist1888
Imogen Heap,artist1889
The Waterboys,artist1890
This Perfect Day,artist1891
Boys Like Girls,artist1892
Done Again,artist1893
Whirr,artist1894
Beady Eye,artist1895
Pacific Air,artist1896
The Phoenix Foundation,artist1897
Fm Static,artist1898
Sameblod,artist1899
Humfree Bug Art,artist1900
High Highs,artist1901
The Lumineers,artist1902
New World Sound,artist1903
Rush,artist1904
Henok Achido,artist1905
The Front Bottoms,artist1906
Gin Blossoms,artist1907
Xavier Rudd,artist1908
Foghat,artist1909
Langhorne Slim,artist1910
Blind Melon,artist1911
Navet,artist1912
Far-Less,artist1913
The Magic Numbers,artist1914
Lianne La Havas,artist1915
Flight Of The Conchords,artist1916
Rascals,artist1917
The Martini's,artist1918
Cary Brothers,artist1919
Jack White,artist1920
George Michael,artist1921
Mac Miller,artist1922
"Now, Now",artist1923
Thomas Dybdahl,artist1924
The Knife,artist1925
Pajala Truck Co,artist1926
Madonna,artist1927
Peaches,artist1928
Death Team,artist1929
Stornoway,artist1930
Fulkultur,artist1931
Royal Republic,artist1932
Lipps Inc.,artist1933
Wanda Jackson,artist1934
Monde Idéal,artist1935
Ólafur Arnalds,artist1936
Albin Gromer,artist1937
Asher Roth,artist1938
John Grant,artist1939
Marble Sounds,artist1940
Laura Veirs,artist1941
Say Lou Lou,artist1942
Jay Reatard,artist1943
tUnE-yArDs,artist1944
Coolio,artist1945
Totally Enormous Extinct Dinosaurs,artist1946
The Adverts,artist1947
Alpine,artist1948
Love Antell,artist1949
Harlem,artist1950
Jason Mraz,artist1951
Grimes,artist1952
Hunter Hunted,artist1953
Dr. Dog,artist1954
Dan Le Sac vs Scroobius Pip,artist1955
Major Lazer,artist1956
I'm From Barcelona,artist1957
MiMi,artist1958
Tired Pony,artist1959
The Undertones,artist1960
Ben Lee,artist1961
Sarabeth Tucek,artist1962
Thorbjørn Risager,artist1963
My Favorite Highway,artist1964
Magnetic Man,artist1965
Akon,artist1966
Ky-Mani Marley,artist1967
Sir Sly,artist1968
Youth Lagoon,artist1969
Ra Ra Riot,artist1970
On An On,artist1971
The Tree Ring,artist1972
Lovedrug,artist1973
The Dresden Dolls,artist1974
Kurt Vile,artist1975
Maddie & Tae,artist1976
Ladyhawke,artist1977
Urge Overkill,artist1978
Cyndi Lauper,artist1979
The Maine,artist1980
The Format,artist1981
Irya's Playground,artist1982
Bella,artist1983
HAERTS,artist1984
Dan Viktor,artist1985
Ulver,artist1986
Alex Turner,artist1987
Jacuzzi Boys,artist1988
Afasi,artist1989
The Cribs,artist1990
Dog Is Dead,artist1991
Them,artist1992
D.A.,artist1993
Bush,artist1994
Bob Lind,artist1995
Katy B,artist1996
The Milk Teeth,artist1997
Tokimonsta,artist1998
Joey Ramone,artist1999
The Jam,artist2000
Invisible Republic,artist2001
Cloud Control,artist2002
Razorlight,artist2003
Mike Posner,artist2004
Robert Plant,artist2005
Vacationer,artist2006
Billie Holiday,artist2007
Gnucci,artist2008
Israel Nash,artist2009
Ambrosia Parsley,artist2010
Heartless Bastards,artist2011
Breton,artist2012
Baywood,artist2013
Destroy Rebuild Until God Shows,artist2014
Departure,artist2015
Laura Mvula,artist2016
The Veils,artist2017
Syket,artist2018
Uusi Fantasia,artist2019
The Sandpipers,artist2020
Nero,artist2021
Dirty Projectors,artist2022
Air Review,artist2023
Fountains Of Wayne,artist2024
Lilla Namo,artist2025
Delphic,artist2026
Honor By August,artist2027
Mystery Jets,artist2028
YesYou,artist2029
[ingenting],artist2030
Caspian,artist2031
Pretty Balanced,artist2032
 Dolce,artist2033
Bedroom Eyes,artist2034
Sivert Høyem,artist2035
Barcelona,artist2036
The New Amsterdams,artist2037
The Nerves,artist2038
Jonsi & Alex,artist2039
Bright Eyes & Neva Dinova,artist2040
Troye Sivan,artist2041
Soso,artist2042
Seinabo Sey,artist2043
The Black Crowes,artist2044
Ella Henderson,artist2045
Holcombe Waller,artist2046
Baauer,artist2047
Little Green Cars,artist2048
Sisu,artist2049
Thom Yorke,artist2050
little hurricane,artist2051
Anna Bergendahl,artist2052
John Hiatt,artist2053
Red House Painters,artist2054
Friendly Fires,artist2055
Cherry Glazerr,artist2056
The Hollies,artist2057
Grandaddy,artist2058
Plasmatics,artist2059
Robin Schulz,artist2060
Ron van den Beuken,artist2061
James Bay,artist2062
Janice Prix,artist2063
Screamin' Jay Hawkins,artist2064
Thomas Bergersen,artist2065
Gisele,artist2066
Buddy Holly,artist2067
Belinda Carlisle,artist2068
Robert Levon Been,artist2069
The Radio Dept.,artist2070
Ásgeir Trausti,artist2071
Nic & The Family,artist2072
Postiljonen,artist2073
Eurythmics,artist2074
The Fiery Furnaces,artist2075
Adam Green,artist2076
Whitesnake,artist2077
Christopher Owens,artist2078
Eve 6,artist2079
Rare Earth,artist2080
Lucky Boys Confusion,artist2081
Neil Young & Crazy Horse,artist2082
Ed Harcourt,artist2083
Filter,artist2084
Laleh,artist2085
Pianos Become The Teeth,artist2086
Norfolk & Western,artist2087
Peking Duk,artist2088
Oscar Danielson,artist2089
Steve Winwood,artist2090
The Highwaymen,artist2091
Pat Benatar,artist2092
Ian Dury,artist2093
The Tins,artist2094
CSS feat. Bobby Gillespie,artist2095
Whale,artist2096
UNKLE,artist2097
Mylo Ranger,artist2098
Royal Canoe,artist2099
Neko Case,artist2100
Broken Bells,artist2101
Bonnie Tyler,artist2102
The Casket Girls,artist2103
Lovers and Liars,artist2104
Adele,artist2105
The Horror The Horror,artist2106
Joseph Arthur,artist2107
Carl Perkins,artist2108
John Dahlbäck,artist2109
Perfume Genius,artist2110
Hey Rosetta!,artist2111
Foreigner,artist2112
Eagles,artist2113
Marc Scibilia,artist2114
Al Green,artist2115
Little Wings,artist2116
The Rapture,artist2117
Here We Go Magic,artist2118
Hot Chip,artist2119
Air,artist2120
Matchbox Twenty,artist2121
Frumpy,artist2122
Little Joy,artist2123
Plushgun,artist2124
Whitney Houston,artist2125
Crystal Rock & Hornyshakerz,artist2126
empire! empire! (i was a lonely estate),artist2127
Paul Tiernan,artist2128
Jack Moy & Glöden,artist2129
Temple Of The Dog,artist2130
Husky,artist2131
Fionn Regan,artist2132
The Darcys,artist2133
Hur Högt,artist2134
Edith Piaf,artist2135
Petter,artist2136
Tom McRae,artist2137
Live,artist2138
PAPA,artist2139
Bonnie Raitt,artist2140
Bebe Rexha,artist2141
Mack Beats,artist2142
The Belle Brigade,artist2143
New Radicals,artist2144
Margaret Berger,artist2145
Cream,artist2146
Carole King,artist2147
The Bobby Fuller Four,artist2148
Alabama Shakes,artist2149
Wave Machines,artist2150
Nari,artist2151
The Posies,artist2152
Three Days Grace,artist2153
Joan Jett,artist2154
Young Fathers,artist2155
The Downtown Fiction,artist2156
Jon Lajoie,artist2157
Frida,artist2158
The Waitresses,artist2159
Johns Vatten,artist2160
Palpitation,artist2161
Said The Whale,artist2162
Dogs Die In Hot Cars,artist2163
The Wave Pictures,artist2164
The Elijah,artist2165
Halestorm,artist2166
Aloe Blacc,artist2167
Tim Buckley,artist2168
Eagles Of Death Metal,artist2169
Nacey,artist2170
Carly Rae Jepsen,artist2171
Kristin Amparo,artist2172
Andrea Gibson,artist2173
Mikhael Paskalev,artist2174
Grooms,artist2175
Spoon,artist2176
Joaquin Phoenix,artist2177
Jamie Lidell,artist2178
SKATERS,artist2179
Bootstraps,artist2180
Bleachers,artist2181
Onra,artist2182
Aaron Carter,artist2183
The Moniker,artist2184
Summer Camp,artist2185
Cheap Trick,artist2186
Soft Hearted Scientists,artist2187
Laura Marling,artist2188
Teitur,artist2189
Sam Page,artist2190
Prince,artist2191
Jumper,artist2192
The King Khan & BBQ Show,artist2193
The Proclaimers,artist2194
Zhala,artist2195
the bird and the bee,artist2196
Primal Scream,artist2197
Falling In Reverse,artist2198
10cc,artist2199
Mudhoney,artist2200
Chromatics,artist2201
The Velvet Underground,artist2202
David Lynch & Lykke Li,artist2203
The Notorious B.I.G.,artist2204
The Baboon Show,artist2205
Six Def,artist2206
Jim Sturgess,artist2207
Childish Gambino,artist2208
Albert Hammond,artist2209
White Hinterland,artist2210
Vanilla Ice,artist2211
Peggy Sue,artist2212
Tom Jones,artist2213
Friska Viljor,artist2214
Forest City Lovers,artist2215
Chicago,artist2216
The Boxer Rebellion,artist2217
Katie Melua,artist2218
Thompson Twins,artist2219
Queen Kwong,artist2220
Francoise Hardy,artist2221
Hopsin,artist2222
CEO,artist2223
VNV Nation,artist2224
John Cage / Sylvano Bussotti,artist2225
La Roux,artist2226
Landshapes,artist2227
Andrew Belle,artist2228
Phil Collins,artist2229
Animal Collective,artist2230
Blue Hawaii,artist2231
Seabear,artist2232
Phonograph,artist2233
Zola Jesus,artist2234
Iron Butterfly,artist2235
Highasakite,artist2236
Little Jinder,artist2237
Guldgossen,artist2238
Raymond & Maria,artist2239
Senryu,artist2240
You Blocked Me On Facebook,artist2241
Funeral For A Friend,artist2242
LP,artist2243
Genesis,artist2244
The Starting Line,artist2245
The Smithereens,artist2246
Ruby Velle & The Soulphonics,artist2247
I Blame Coco,artist2248
Matt and Kim,artist2249
Vetiver,artist2250
RUN-DMC,artist2251
Billy Joel,artist2252
We Were Promised Jetpacks,artist2253
Neon Bunny,artist2254
Brian Hyland,artist2255
Ducktails,artist2256
God Help The Girl,artist2257
Tomas Andersson Wij,artist2258
Olle Ljungström,artist2259
Sahara Hotnights,artist2260
The Boppers,artist2261
Faust,artist2262
Paolo Nutini,artist2263
We Are Standard,artist2264
Lady Sovereign,artist2265
Chuck Berry,artist2266
Magnus Uggla,artist2267
Gypsy & The Cat,artist2268
Klingande,artist2269
The Ramones,artist2270
Josh Rouse,artist2271
House Of Pain,artist2272
The Like,artist2273
Angus,artist2274
Marina and The Diamonds & Charli XCX,artist2275
Touché Amoré,artist2276
Colourbox,artist2277
The Saints,artist2278
The Jesus And Mary Chain,artist2279
Free Time,artist2280
London Elektricity,artist2281
Pikachunes,artist2282
People Press Play,artist2283
Oskar Linnros,artist2284
Rocky Rock,artist2285
Atmosphere,artist2286
Satan Takes A Holiday,artist2287
Culture Club,artist2288
Catfish and the Bottlemen,artist2289
Joy,artist2290
Dan Auerbach,artist2291
Fever Ray,artist2292
Class Actress,artist2293
Grace Potter & The Nocturnals,artist2294
Nils Lofgren,artist2295
Miranda Lambert,artist2296
Style of Eye,artist2297
Lou Reed,artist2298
Daniel Wilson,artist2299
Krewella,artist2300
Lori Lieberman,artist2301
Fugees,artist2302
Swim Deep,artist2303
Akcent,artist2304
La Dispute,artist2305
UB40,artist2306
Seal,artist2307
Sixpence None The Richer,artist2308
Grizzly Bear,artist2309
Holy Other,artist2310
Moonlit Sailor,artist2311
Nationalteatern,artist2312
Toni Holgersson,artist2313
The Elcados,artist2314
Navid Modiri & Gudarna,artist2315
Eldkvarn,artist2316
Dr. Dre,artist2317
Yung Lean,artist2318
Skriet,artist2319
Amandine Bourgeois,artist2320
Jacques Dutronc,artist2321
The Game,artist2322
Ryan Adams,artist2323
Mirah,artist2324
Kyle Andrews,artist2325
Spiritualized,artist2326
Lady Of The Sunshine,artist2327
James,artist2328
Rogue Wave,artist2329
Rhye,artist2330
Goldheart Assembly,artist2331
Fenech-Soler,artist2332
Miniature Tigers,artist2333
Peter Doherty,artist2334
Machinedrum,artist2335
The Helio Sequence,artist2336
Matt Corby,artist2337
Porcupine Tree,artist2338
Hey Geronimo,artist2339
Title Fight,artist2340
Lune,artist2341
Josh Pyke,artist2342
We Were Evergreen,artist2343
Pontiak,artist2344
Bobby Long,artist2345
Dead Sara,artist2346
Fools Garden,artist2347
CocoRosie,artist2348
Stevie Ray Vaughan,artist2349
Gregor Samsa,artist2350
The Chemical Brothers,artist2351
RAC,artist2352
Kevin Rudolf,artist2353
Atomic Tom,artist2354
Dolomite Minor,artist2355
Marvin Gaye,artist2356
Prince & The Revolution,artist2357
CSS,artist2358
Systraskap,artist2359
Civil Twilight,artist2360
Sam The Sham & The Pharaohs,artist2361
Franz Liszt,artist2362
Modern Hut,artist2363
Papercuts,artist2364
Tom Cochrane,artist2365
Stevie Wonder,artist2366
Javelin,artist2367
Plants and Animals,artist2368
Kid Astray,artist2369
Guy Sebastian,artist2370
Madina Lake,artist2371
Wavves,artist2372
immanu el,artist2373
Dios Mio,artist2374
Ariel Pink,artist2375
Vit Päls,artist2376
The New Raemon,artist2377
Johnny Marr,artist2378
Brick + Mortar,artist2379
The Raincoats,artist2380
Billy Squier,artist2381
John De Sohn,artist2382
Sin Fang,artist2383
Bruce Hornsby and the Range,artist2384
Gillian Welch,artist2385
Charles Manson,artist2386
Chris Rea,artist2387
DMX,artist2388
Destiny's Child,artist2389
My Bloody Valentine,artist2390
Toy,artist2391
King Tuff,artist2392
John Newman,artist2393
Solange,artist2394
Ryan Star,artist2395
Dante,artist2396
Bahamas,artist2397
Rhett Miller,artist2398
Elin Ruth,artist2399
Oh Land,artist2400
Ben Knox Miller,artist2401
Roger Robin,artist2402
Edison Lighthouse,artist2403
The Mowgli's,artist2404
The Verve,artist2405
Mickey & Sylvia,artist2406
Roberto Bellarosa,artist2407
The Mountain Goats,artist2408
Nat King Cole,artist2409
Dub FX,artist2410
Little Majorette,artist2411
James Skelly & The Intenders,artist2412
Lia Ices,artist2413
Paul Young,artist2414
Jim and The Povolos,artist2415
Beach House,artist2416
The Little Ones,artist2417
Mumford & Sons,artist2418
John The Conqueror,artist2419
Suzanne Vega,artist2420
Yuna,artist2421
The Acorn,artist2422
Girls,artist2423
44,artist2424
Masshysteri,artist2425
Bronze Radio Return,artist2426
Miam Monster Miam,artist2427
British Sea Power,artist2428
Donnie Darko,artist2429
Sylvia Vrethammar,artist2430
Ryan Adams & The Cardinals,artist2431
Filthy,artist2432
Madrugada,artist2433
Eef Barzelay,artist2434
Moa Lignell,artist2435
Woodlands,artist2436
Joaquim Sanchez & Pipes Of The Enamorates,artist2437
Promoe,artist2438
Roger Whittaker,artist2439
Jagwar Ma,artist2440
Kishi Bashi,artist2441
Alf,artist2442
The Bangles,artist2443
Jimmy Cliff,artist2444
Christopher Norman,artist2445
Tennis,artist2446
G-Eazy,artist2447
Sam Hart,artist2448
Laura Stevenson and the Cans,artist2449
Little Boots,artist2450
Jason Lytle,artist2451
Cloud Cult,artist2452
Gil Scott-Heron,artist2453
Maia Hirasawa,artist2454
Stromae,artist2455
Adiam Dymott,artist2456
SEA + AIR,artist2457
"Men, Women & Children",artist2458
Orchestral Manoeuvres In The Dark,artist2459
The Milk Carton Kids,artist2460
Lucy Rose,artist2461
The Chain Gang Of 1974,artist2462
Conor Oberst,artist2463
Kelis,artist2464
Evryone,artist2465
Leagues,artist2466
Chiddy Bang,artist2467
Ghost Beach,artist2468
Harry Hookey,artist2469
Jack's Mannequin,artist2470
AFI,artist2471
Everything But The Girl,artist2472
I Like Trains,artist2473
Sleater-Kinney,artist2474
Digits,artist2475
-M-,artist2476
Beachwood Sparks,artist2477
Lucero,artist2478
The Mamas & The Papas,artist2479
Fitz and The Tantrums,artist2480
Crabcorps,artist2481
U.S. Royalty,artist2482
Andy Williams,artist2483
Lilla Sällskapet,artist2484
Edvard Grieg,artist2485
Jane's Addiction,artist2486
Gossip,artist2487
The Jungle Giants,artist2488
Busdriver,artist2489
Culture Beat,artist2490
Carter Tanton,artist2491
Mugison,artist2492
Young Marble Giants,artist2493
Pelle Carlberg,artist2494
Lloyd Cole And The Commotions,artist2495
This Providence,artist2496
stellastarr*,artist2497
"Nas & Damian Jr. Gong"" Marley""",artist2498
Räuberhöhle,artist2499
Konie,artist2500
JJ,artist2501
Alison Krauss & Union Station,artist2502
The Last Shadow Puppets,artist2503
Lit,artist2504
DJ Koze,artist2505
Guided By Voices,artist2506
PRE-Be-UN,artist2507
Join The Riot,artist2508
Duck Sauce,artist2509
Giuseppe Verdi,artist2510
Liquido,artist2511
Mikael Wiehe,artist2512
Raj Montana Band,artist2513
Cool Ghouls,artist2514
Crystal Stilts,artist2515
Cute Is What We Aim For,artist2516
Jacques Brel,artist2517
INXS,artist2518
The Death Set,artist2519
The Grouch,artist2520
Toy Dolls,artist2521
Klangkarussell,artist2522
Zara Larsson,artist2523
Rick Astley,artist2524
Karl X Johan,artist2525
Tandem Sky,artist2526
American Football,artist2527
Tigers Jaw,artist2528
Sugarplum Fairy,artist2529
Marlon Roudette,artist2530
Monzano,artist2531
Yael Naim,artist2532
Ray LaMontagne And The Pariah Dogs,artist2533
Ace Frehley,artist2534
Chester French,artist2535
Emeli Sandé,artist2536
The Rosebuds,artist2537
The Reign of Kindo,artist2538
Clawfinger,artist2539
Canary Girls,artist2540
Constantines,artist2541
Statistics,artist2542
Robot Koch,artist2543
Cloud Nothings,artist2544
Herman's Hermits,artist2545
Television Personalities,artist2546
Michael Penn,artist2547
TLC,artist2548
The Dandelions,artist2549
Laurent Wolf,artist2550
Me Succeeds,artist2551
Smoke & Jackal,artist2552
FIDLAR,artist2553
Cut Copy,artist2554
Crash Kings,artist2555
Salt-N-Pepa,artist2556
Marie Bergman,artist2557
J.D. McPherson,artist2558
Whitechapel,artist2559
Nick Drake,artist2560
The Beatles Revival Band,artist2561
The Elected,artist2562
Olin And The Moon,artist2563
Villagers,artist2564
Opus Orange,artist2565
Paris Hilton,artist2566
Kings Of Leon,artist2567
Magic Man,artist2568
Jamie N Commons,artist2569
David & The Citizens,artist2570
Yo La Tengo,artist2571
The Mynabirds,artist2572
Ted Gärdestad,artist2573
Bedrocks,artist2574
Likely Lads,artist2575
Hillsong United,artist2576
Almedal,artist2577
The Dangerous Summer,artist2578
Mark Ronson,artist2579
Andrew Bird,artist2580
The Coverbeats,artist2581
The Open Up And Bleeds,artist2582
Caveman,artist2583
The Dead Trees,artist2584
Dave Days,artist2585
Fossil Collective,artist2586
Shamir,artist2587
Firefox AK vs LAID,artist2588
Jack Savoretti,artist2589
Sarah Harmer,artist2590
The Growlers,artist2591
Wilco,artist2592
Levellers,artist2593
The Virgins,artist2594
Matthew E. White,artist2595
Mick Ronson,artist2596
Paul Carrack,artist2597
The Travelling Band,artist2598
112,artist2599
Grits,artist2600
Faces,artist2601
ASTR,artist2602
Enya,artist2603
Okkervil River,artist2604
Moonbabies,artist2605
The Hawaiian Rainbow Singers,artist2606
White Sea,artist2607
The Get Up Kids,artist2608
Upset,artist2609
Willy Mason,artist2610
Gare Du Nord,artist2611
Minus The Bear,artist2612
Austra,artist2613
South,artist2614
The Von Bondies,artist2615
Lovehatehero,artist2616
Emmy The Great,artist2617
Street Sweeper Social Club,artist2618
Matthew Koma,artist2619
Starlight Mints,artist2620
The Wytches,artist2621
The Pharcyde,artist2622
Team Me,artist2623
Kye Kye,artist2624
Pure Bathing Culture,artist2625
Butthole Surfers,artist2626
White Rabbits,artist2627
Blood Diamonds,artist2628
Lorien,artist2629
Copeland,artist2630
Magoo,artist2631
Bullets And Octane,artist2632
Natasha Bedingfield,artist2633
Onsind,artist2634
Christian Kjellvander,artist2635
France Gall,artist2636
Def Leppard,artist2637
Indigo Girls,artist2638
Sean Hayes,artist2639
Kill It Kid,artist2640
Lilly Wood and The Prick,artist2641
Driftwood Bones,artist2642
Soley,artist2643
Stockholm Syndrome,artist2644
The Psychedelic Furs,artist2645
Natalia Kills,artist2646
Marillion,artist2647
Mikky Ekko,artist2648
D12,artist2649
Miriam Bryant,artist2650
Carolina Wallin Pérez,artist2651
Bonaparte,artist2652
Dutch Uncles,artist2653
Simon Norrsveden,artist2654
Ida Maria,artist2655
Tyga,artist2656
Grace Potter,artist2657
The Novaks,artist2658
Das Racist,artist2659
Townes Van Zandt,artist2660
Night Beds,artist2661
The Sugarhill Gang,artist2662
Karen O,artist2663
STRFKR,artist2664
Millencolin,artist2665
Guards,artist2666
Lightning Dust,artist2667
Maryland,artist2668
The War On Drugs,artist2669
Obadiah Parker,artist2670
Mark Knopfler,artist2671
Lamb of God,artist2672
Swans,artist2673
Frankie Goes To Hollywood,artist2674
Shane Koyczan and the Short Story Long,artist2675
Fort Minor,artist2676
Styx,artist2677
Lights & Motion,artist2678
Of Montreal,artist2679
Melvins,artist2680
Deas Vail,artist2681
SNAP!,artist2682
She Keeps Bees,artist2683
Richard Wagner,artist2684
NRBQ,artist2685
Agnes Obel,artist2686
Sidney Samson,artist2687
Pain of Salvation,artist2688
Dan Mangan + Blacksmith,artist2689
The Subways,artist2690
Led Zepagain,artist2691
Joe Walsh,artist2692
Kid Rock,artist2693
Bachman-Turner Overdrive,artist2694
Housse de Racket,artist2695
Youngblood Hawke,artist2696
Midlake,artist2697
Gaby and The Guns,artist2698
Kenny Rogers,artist2699
Woodkid,artist2700
Goat,artist2701
Carl Barât,artist2702
Lucas Nord,artist2703
Galantis,artist2704
Villa Nah,artist2705
The Postelles,artist2706
Alcoholic Faith Mission,artist2707
Skream,artist2708
Kitok,artist2709
Cate le Bon,artist2710
Capital Cities,artist2711
Noosa,artist2712
The Classic Crime,artist2713
John Smith,artist2714
INVSN,artist2715
Foxygen,artist2716
Scott McKenzie,artist2717
Van She,artist2718
Anya Marina,artist2719
Catcall,artist2720
Benny Benassi presents The Biz,artist2721
Whigfield,artist2722
Relient K,artist2723
The Rocket Summer,artist2724
Acid House Kings,artist2725
Globus,artist2726
Eagle-Eye Cherry,artist2727
The Damnwells,artist2728
dios (malos),artist2729
Jessie Ware,artist2730
Missy Higgins,artist2731
Jenny And Johnny,artist2732
The Gits,artist2733
The Pierces,artist2734
Etta James,artist2735
Dayplayer,artist2736
Ben Caplan,artist2737
Laura Branigan,artist2738
"Earth, Wind & Fire",artist2739
Davila 666,artist2740
Frank Sinatra,artist2741
Mobley,artist2742
KSMB,artist2743
Ministry,artist2744
Big Fox,artist2745
Mystikal,artist2746
V V Brown,artist2747
Hand Job Academy,artist2748
Fine Young Cannibals,artist2749
J. Cole,artist2750
Fyfe Dangerfield,artist2751
Frustration,artist2752
Temples,artist2753
Fuel,artist2754
Kingston Wall,artist2755
The Submarines,artist2756
22-20s,artist2757
Anna Ternheim,artist2758
Jamie Woon,artist2759
Mikal Cronin,artist2760
Kid Ink,artist2761
Linda Pira,artist2762
Mindless Self Indulgence,artist2763
The Ting Tings,artist2764
Travis,artist2765
The Blue Van,artist2766
Shannon Saunders,artist2767
Dale Earnhardt Jr. Jr.,artist2768
Janelle Monáe,artist2769
Alpha Rev,artist2770
General Fiasco,artist2771
The Promise Ring,artist2772
The Good Natured,artist2773
Mattias Alkberg,artist2774
Sondre Lerche,artist2775
Scott H. Biram,artist2776
The Plan,artist2777
Fritjof & Pikanen,artist2778
Aston Reymers Rivaler,artist2779
Bronski Beat,artist2780
Zowie,artist2781
The Books,artist2782
Amanda Palmer & The Grand Theft Orchestra,artist2783
Apathy,artist2784
Labyrinth Ear,artist2785
Alfred Hall,artist2786
Nightlands,artist2787
Unknown Mortal Orchestra,artist2788
Discovery,artist2789
Toro Y Moi,artist2790
Fiona Apple F/ Jon Brion And The Punch Brothers,artist2791
Seryn,artist2792
Brådis,artist2793
Various Artists - Azzurra Music,artist2794
John Martyn,artist2795
Peter Gabriel,artist2796
Fun.,artist2797
Rumbledog,artist2798
Jefferson Airplane,artist2799
Urthboy,artist2800
Eskobar,artist2801
Tashaki Miyaki,artist2802
Eddie Cochran,artist2803
Lindi Ortega,artist2804
Jakob Dylan,artist2805
Nicolai Dunger,artist2806
Poison,artist2807
Siobhan Donaghy,artist2808
Dusty Springfield,artist2809
Citizen Cope,artist2810
Hockey,artist2811
Sherwood,artist2812
Hundred Waters,artist2813
Rob Thomas,artist2814
Myslovitz,artist2815
Primus,artist2816
Monster Magnet,artist2817
Gardens & Villa,artist2818
The Palmer Squares,artist2819
Ben E. King,artist2820
Dirty Sweet,artist2821
Jupiter,artist2822
Blind Willie McTell,artist2823
Volbeat,artist2824
Dreamboy,artist2825
Adolphson & Falk,artist2826
Dashboard Confessional,artist2827
Thee Attacks,artist2828
White Denim,artist2829
A Camp,artist2830
Burning Hotels,artist2831
Richard Thompson,artist2832
The Penelopes,artist2833
Chris Norman,artist2834
Eliot Sumner,artist2835
Connie Francis,artist2836
Dan Wilson,artist2837
The Archies,artist2838
Coyote Shivers,artist2839
Wild Nothing,artist2840
Pasadena,artist2841
The Lovin' Spoonful,artist2842
David Jordan,artist2843
LCTRISC,artist2844
Low,artist2845
Lonesome Animals,artist2846
The Very Best,artist2847
Westkust,artist2848
Jay Arner,artist2849
Stiff Little Fingers,artist2850
Pyotr Ilyich Tchaikovsky,artist2851
Neil Diamond,artist2852
Taken By Trees,artist2853
Augustana,artist2854
Savage,artist2855
The Golden Filter,artist2856
Det Stora Monstret,artist2857
Health,artist2858
Hit Back,artist2859
J Roddy Walston And The Business,artist2860
Vinyl Theatre,artist2861
Berlin,artist2862
The Music,artist2863
Camille Yarbrough,artist2864
Jack Ü,artist2865
Reel Big Fish,artist2866
The Weight,artist2867
New Navy,artist2868
Lady Lamb,artist2869
She Wants Revenge,artist2870
Queen of Hearts,artist2871
And One,artist2872
Wheatus,artist2873
Niccokick,artist2874
Wilmer X,artist2875
Frida Hyvönen,artist2876
Bo Saris,artist2877
Hayward Williams,artist2878
Evan Dando,artist2879
Marianne Faithfull,artist2880
Penny Nichols,artist2881
Spirit Animal,artist2882
Jo Mango,artist2883
Princess Chelsea,artist2884
Vanessa Paradis,artist2885
Killing Joke,artist2886
Machines Are People Too,artist2887
Ylvis,artist2888
Cortex,artist2889
El-P,artist2890
The Faint,artist2891
Dispatch,artist2892
The Asteroids Galaxy Tour,artist2893
John Doe,artist2894
Envy On The Coast,artist2895
Patrick Watson,artist2896
The Starfolk,artist2897
James Newton Howard,artist2898
The Animals,artist2899
Japandroids,artist2900
Digital Underground,artist2901
Wolf Gang,artist2902
Hugh Bean/New Philharmonia Orchestra/Sir Adrian Boult,artist2903
The Limousines,artist2904
Dark Dark Dark,artist2905
Jettie,artist2906
Trevor Hall,artist2907
Movie Sounds Unlimited,artist2908
Mike & The Mechanics,artist2909
NO,artist2910
Kraftwerk,artist2911
Charlie Rich,artist2912
Badboxes,artist2913
Long Distance Calling,artist2914
Citizen,artist2915
Julee Cruise,artist2916
Rebekka Karijord,artist2917
Martin Stephenson And The Daintees,artist2918
From First To Last,artist2919
Bon Homme,artist2920
Fucked Up,artist2921
Liars,artist2922
Deaf Havana,artist2923
Meg & Dia,artist2924
Jackson Browne,artist2925
Beangrowers,artist2926
Dominik Hauser,artist2927
Hoobastank,artist2928
Cursive,artist2929
Men Without Hats,artist2930
Skids,artist2931
The Roots,artist2932
Robots In Disguise,artist2933
Hausermusic,artist2934
Miles Benjamin Anthony Robinson,artist2935
Voxtrot,artist2936
The Duke Spirit,artist2937
Brandi Carlile,artist2938
Blind Pilot,artist2939
Scroobius Pip,artist2940
The Brilliance,artist2941
JJ Grey & Mofro,artist2942
